{"cameraMode":{"drawMode":0,"name":"Shaded","section":"Shading Mode"},"sceneLighting":true,"audioPlay":false,"sceneViewState":{"m_AlwaysRefresh":false,"showFog":true,"showSkybox":true,"showFlares":true,"showImageEffects":true,"showParticleSystems":true,"showVisualEffectGraphs":true,"m_FxEnabled":true},"in2DMode":false,"pivot":{"x":-3.4151089191436769,"y":10.356618881225586,"z":-28.62272834777832},"rotation":{"x":-0.14588358998298646,"y":-0.1089809387922287,"z":0.016230428591370584,"w":-0.9831898212432861},"size":0.8660253882408142,"orthographic":false}